,Adventure
0,venture synonym
1,hazard synonym
2,risk synonym
3,experience synonym
4,exploit synonym
5,chance synonym
6,quest synonym
7,take a chance synonym
8,stake synonym
9,escapade synonym
10,run a risk synonym
11,feat synonym
12,undertaking synonym
13,jeopardize synonym
14,gamble synonym
15,peril synonym
16,affair synonym
17,deed synonym
18,enterprise synonym
19,incident synonym
20,event synonym
21,excitement synonym
22,danger synonym
23,happening synonym
24,voyage synonym
25,episode synonym
26,occurrence synonym
27,traveling synonym
28,venture out synonym
29,exploration synonym
30,journey synonym
31,thrill synonym
32,adventuring synonym
33,stimulation synonym
34,emprise synonym
35,exploits synonym
36,take chances synonym
37,travel synonym
38,put on the line synonym
39,speculation synonym
40,adventurous synonym
41,caper synonym
42,stunt synonym
43,trek synonym
44,adventuresome synonym
45,fling synonym
46,go for broke synonym
