,Animals
0,creatures synonym
1,wildlife synonym
2,animal synonym
3,beasts synonym
4,stock synonym
5,fauna synonym
6,brutes synonym
7,beast synonym
8,livestock synonym
9,cattle synonym
10,creature synonym
11,pets synonym
12,canines synonym
13,amphibians synonym
14,animal kingdom synonym
15,birds synonym
16,felines synonym
17,mammals synonym
18,some kind of animal synonym
19,stocks synonym
20,wild life synonym
21,faunas synonym
22,sheep synonym
23,animal species synonym
24,animal's synonym
25,any animal synonym
26,beings synonym
27,brutals synonym
28,chiefs synonym
29,one animal synonym
30,predator synonym
31,species synonym
32,animal welfare synonym
33,baby animals synonym
34,beasts of prey synonym
35,beeves synonym
36,behemoths synonym
37,bovine animals synonym
38,brute synonym
39,bucks synonym
40,cows synonym
41,creepy-crawlies synonym
42,exemplars synonym
43,farmed animals synonym
44,feed synonym
45,feedingstuffs synonym
46,invertebrates synonym
47,life synonym
48,living creatures synonym
49,mammalia synonym
