,auto
0,automobile synonym
1,machine synonym
2,automobiles synonym
3,motorcar synonym
4,motorcars synonym
5,trucks synonym
6,ambulances synonym
7,cars synonym
8,vehicles synonym
9,wagons synonym
10,auto synonym
11,carts synonym
12,case file synonym
13,coaches synonym
14,convertibles synonym
15,indictments synonym
16,limousines synonym
17,orders synonym
18,taxis synonym
19,vans synonym
20,vehicle synonym
21,writs synonym
22,automotive synonym
23,buggies synonym
24,buses synonym
25,cabs synonym
26,carjacking synonym
27,carriages synonym
28,coupes synonym
29,hearses synonym
30,motor synonym
31,motor vehicle synonym
32,nascar synonym
33,parking synonym
34,sedans synonym
35,trains synonym
36,valet synonym
37,automatics synonym
38,barges synonym
39,bicycles synonym
40,boats synonym
41,boxcars synonym
42,broughams synonym
43,bugs synonym
44,conveyances synonym
45,driver synonym
46,driving synonym
47,electric car synonym
48,electric vehicles synonym
49,ferries synonym