,blog
0,web log synonym
1,weblog synonym
2,blogging synonym
3,blog entry synonym
4,blogger synonym
5,weblogs synonym
6,blogosphere synonym
7,binnacle synonym
8,blawker synonym
9,blogged synonym
10,online journal synonym
11,vlog synonym
12,biog synonym
13,cyberzine synonym
14,blog entries synonym
15,blog post synonym
16,bloggers synonym
17,blogs synonym
18,blogsphere synonym
19,e-journal synonym
20,e-zine synonym
21,ejournal synonym
22,log-book synonym
23,logbook synonym
24,online diary synonym
25,weblog application synonym
26,webzine synonym
27,blog articles synonym
28,blog entries yet synonym
29,blog posts synonym
30,channels synonym
31,codes synonym
32,codex synonym
33,hcoc synonym
34,journal entry synonym
35,just writing down synonym
36,myspace page synonym
37,myspace site synonym
38,page on myspace synonym
39,portal synonym
40,recent blog posts synonym
41,video blog synonym
42,videoblog synonym
43,vlogul de synonym
44,your vlog synonym
45,cabin synonym
46,carrier synonym
