,Drama
0,play synonym
1,theater synonym
2,acting synonym
3,stage synonym
4,show synonym
5,theatre synonym
6,dramatics synonym
7,scene synonym
8,spectacle synonym
9,piece synonym
10,theatrical work synonym
11,theatrics synonym
12,tragedy synonym
13,dramaturgy synonym
14,performance synonym
15,stagecraft synonym
16,dramatic art synonym
17,dramatization synonym
18,excitement synonym
19,performing arts synonym
20,crisis synonym
21,screenplay synonym
22,stage play synonym
23,theatrical synonym
24,dramatic synonym
25,dramatic arts synonym
26,melodrama synonym
27,production synonym
28,theatricals synonym
29,performing synonym
30,theatrical show synonym
31,boards synonym
32,histrionics synonym
33,plays synonym
34,show business synonym
35,dramas synonym
36,dramatism synonym
37,incident synonym
38,show biz synonym
39,thespian art synonym
40,theaters synonym
41,disaster synonym
42,plight synonym
43,stage area synonym
44,stage show synonym
45,tragic synonym
46,be dramatic synonym
