,Entertainment
0,amusement synonym
1,recreation synonym
2,diversion synonym
3,pleasure synonym
4,enjoyment synonym
5,leisure synonym
6,distraction synonym
7,play synonym
8,show synonym
9,relaxation synonym
10,performance synonym
11,pastime synonym
12,sport synonym
13,festivity synonym
14,recreational synonym
15,spectacle synonym
16,divertissement synonym
17,fun synonym
18,hobby synonym
19,party synonym
20,game synonym
21,interest synonym
22,delight synonym
23,amusements synonym
24,activity synonym
25,entertain synonym
26,gratification synonym
27,production synonym
28,satisfaction synonym
29,treat synonym
30,feast synonym
31,attraction synonym
32,diversions synonym
33,entertaining synonym
34,games synonym
35,cabaret synonym
36,festivities synonym
37,joy synonym
38,leisure time synonym
39,presentation synonym
40,relief synonym
41,relish synonym
42,sight synonym
43,delectation synonym
44,distractions synonym
45,floor show synonym
46,gaiety synonym
