,gaming
0,gambling synonym
1,play synonym
2,game synonym
3,gamble synonym
4,playing synonym
5,game of chance synonym
6,games synonym
7,gambling game synonym
8,be playing in synonym
9,clearance synonym
10,game of tag synonym
11,games of chance synonym
12,plays synonym
13,jeu synonym
14,gameplay synonym
15,pick up game synonym
16,stake synonym
17,cassino synonym
18,computer game synonym
19,match synonym
20,play game synonym
21,thu synonym
22,video-game synonym
23,acting synonym
24,betting synonym
25,deck synonym
26,gambling casino synonym
27,game playing synonym
28,gpi synonym
29,joke synonym
30,party game synonym
31,place bets synonym
32,play other synonym
33,punt synonym
34,role synonym
35,videogame synonym
36,caper synonym
37,computer games synonym
38,endorsing synonym
39,fun and games synonym
40,gambol synonym
41,game-playing synonym
42,his-and-her synonym
43,joking synonym
44,lay bets synonym
45,messing synonym
46,play up synonym
47,speculation synonym
48,sporting synonym
49,stickball game synonym