,Howto
0,guider synonym
1,guide book synonym
2,short guide synonym
3,data handbook synonym
4,document synonym
5,documentation synonym
6,handbook synonym
7,how can synonym
8,how do synonym
9,implementation guide synonym
10,practical guidance synonym
11,practical guide synonym
12,practice guide synonym
13,publication synonym
14,text synonym
15,toolkit synonym
16,uncitral synonym
17,writing synonym
18,comedian synonym
19,comedy synonym
20,comic synonym
21,conducting synonym
22,control synonym
23,course synonym
24,directing synonym
25,guidance synonym
26,guide synonym
27,guidebook synonym
28,guided synonym
29,guideline synonym
30,guiding synonym
31,h-how synonym
32,howtos synonym
33,leader synonym
34,light guide synonym
35,manual synonym
36,mini-howto synonym
37,plug-and-play-howto synonym
38,steering synonym
39,sure synonym
40,tour guide synonym
41,tracking synonym
42,watch synonym
