,music
0,song synonym
1,melody synonym
2,tune synonym
3,harmony synonym
4,sound synonym
5,musical synonym
6,euphony synonym
7,symphony synonym
8,chorus synonym
9,singing synonym
10,score synonym
11,lyric synonym
12,piece synonym
13,band synonym
14,composition synonym
15,concert synonym
16,track synonym
17,aria synonym
18,musician synonym
19,piece of music synonym
20,sounds synonym
21,record synonym
22,sheet music synonym
23,stereo synonym
24,audio synonym
25,opus synonym
26,sing synonym
27,harmonics synonym
28,medicine synonym
29,orchestra synonym
30,rhythm synonym
31,rock and roll synonym
32,sound out synonym
33,strains synonym
34,noise synonym
35,note synonym
36,pianoforte synonym
37,song name synonym
38,chime synonym
39,composer synonym
40,m√∫sica synonym
41,notes synonym
42,part synonym
43,playing synonym
44,strain synonym
45,tunes synonym
46,vocal score synonym
47,choir synonym
48,jingle synonym
49,little tune synonym
