,people
0,public synonym
1,population synonym
2,human synonym
3,folks synonym
4,populace synonym
5,individuals synonym
6,guys synonym
7,individual synonym
8,nation synonym
9,persons synonym
10,citizens synonym
11,humanity synonym
12,world synonym
13,masses synonym
14,multitude synonym
15,crowd synonym
16,community synonym
17,mankind synonym
18,society synonym
19,inhabitants synonym
20,family synonym
21,citizenry synonym
22,folk synonym
23,populate synonym
24,general public synonym
25,staff synonym
26,others synonym
27,humans synonym
28,race synonym
29,human beings synonym
30,mass synonym
31,residents synonym
32,inhabit synonym
33,occupy synonym
34,settle synonym
35,colonize synonym
36,proletariat synonym
37,country synonym
38,personnel synonym
39,crew synonym
40,tribe synonym
41,boys synonym
42,rabble synonym
43,same synonym
44,no one synonym
45,rank and file synonym
46,common people synonym
