,Trailers
0,preview synonym
1,trailer synonym
2,drone synonym
3,house trailer synonym
4,poke synonym
5,semi-trailer synonym
6,dawdler synonym
7,camper synonym
8,campers synonym
9,caravan synonym
10,hunters synonym
11,previews synonym
12,tractor-trailers synonym
13,trailer park synonym
14,winnebago synonym
15,airstream synonym
16,articulated lorries synonym
17,camper van synonym
18,campervans synonym
19,camping-cars synonym
20,coursers synonym
21,followers synonym
22,harbingers synonym
23,laggard synonym
24,mobile homes synonym
25,motor home synonym
26,motor homes synonym
27,motorhome synonym
28,motorhomes synonym
29,pullers synonym
30,routers synonym
31,semi trailer synonym
32,semitrailer synonym
33,semitrailers synonym
34,tailors synonym
35,towers synonym
36,tracers synonym
37,trackers synonym
38,caravan park synonym
39,caravans synonym
40,chasers synonym
41,checkers synonym
42,coverers synonym
43,dawdlers synonym
44,developers synonym
45,directors synonym
46,dredgers synonym
