,vloging
0,video blogging synonym
1,vlog synonym
2,video journal synonym
3,create a vlog synonym
4,making blogs synonym
5,publish a vlog synonym
6,video blog synonym
7,video log synonym
8,act of keeping a video blog synonym
9,activity of maintaining a vlog synonym
10,activity of making blogs synonym
11,activity of posting short videos synonym
12,activity of posting videos synonym
13,form of web television synonym
14,keeping of a video weblog synonym
15,keeping of a vlog synonym
16,practice of maintaining a vlog synonym
17,practice of posting short videos synonym
18,practice of posting videos synonym
